{
  "settings": {
    "dim": 128,
    "rows": 64,
    "samples": 4096,
    "seeds": 5
  },
  "results": [
    {
      "bits": 2,
      "nearest_loss_mean": 1.4429960250854492,
      "nearest_loss_std": 0.04950937256217003,
      "ldlq_loss_mean": 0.9131226539611816,
      "ldlq_loss_std": 0.030539074912667274,
      "gain": 1.580287218093872
    },
    {
      "bits": 3,
      "nearest_loss_mean": 0.4162817895412445,
      "nearest_loss_std": 0.010736473836004734,
      "ldlq_loss_mean": 0.23258869349956512,
      "ldlq_loss_std": 0.010502406395971775,
      "gain": 1.7897765636444092
    },
    {
      "bits": 4,
      "nearest_loss_mean": 0.11238348484039307,
      "nearest_loss_std": 0.002572278957813978,
      "ldlq_loss_mean": 0.06175920367240906,
      "ldlq_loss_std": 0.0022567808628082275,
      "gain": 1.819704294204712
    }
  ]
}